

/*“¾ˆÓæ*/

insert into customer_store values('00001','A¤“X','‘åãs’†‰›‹æ','06-6311-8989','101')
insert into customer_store values('00002','B¤“X','‘åãs•Ÿ“‡‹æ','06-6312-1278','102')
insert into customer_store values('00003','CƒX[ƒp[','‘åãs–k‹æ','06-6313-4235','104')
insert into customer_store values('00004','DƒX[ƒp[','‘åãs—„ì‹æ','06-6314-1235','106')
insert into customer_store values('00005','E¤“X','‘åãs–k‹æ','06-6315-2389','101')
/*’S“–Ò*/
insert into manager values('101','OD‘×”V')
insert into manager values('102','R‰ºLŒá')
insert into manager values('103','¼“c‘')
insert into manager values('104','R–{j˜Y')
insert into manager values('106','–L“c‹v')
/*¤•i*/
insert into product values('00001','‰”•M','400')
insert into product  values('00002','ƒm[ƒg','200')
insert into product  values('00003','‚Ó‚Å‚Î‚±','800')
insert into product  values('00004','‚©‚Î‚ñ','3000')
insert into product  values('00005','‰º•~‚«','150')
/*ó’*/
insert into get_order  values('00001','20230704','000001')
insert into get_order  values('00007','20230705','000003')
insert into get_order  values('00011','20230706','000001')
insert into get_order  values('00012','20230706','000002')


/*ó’–¾×*/
insert into get_order_detail  values('00001','01','00002','3')
insert into get_order_detail  values('00001','02','00003','2')
insert into get_order_detail  values('00001','03','00004','6')
insert into get_order_detail  values('00007','01','00002','4')
insert into get_order_detail  values('00007','02','00001','2')
insert into get_order_detail  values('00007','03','00003','8')
insert into get_order_detail  values('00007','04','0005','10')
insert into get_order_detail  values('00011','01','00004','12')
insert into get_order_detail  values('00011','02','00003','5')
insert into get_order_detail  values('00012','01','00001','7')
insert into get_order_detail  values('00012','02','00004','9')
insert into get_order_detail  values('00012','03','00005','10')

/*‘qŒÉ*/
insert into stock_room  values('201','ˆïé‘qŒÉ')
insert into stock_room  values('202','“òè‘qŒÉ')
insert into stock_room  values('203','‹“s‘qŒÉ')


/*İŒÉ*/
insert into STOCK_PRODUCT  values('201','00001','1000')
insert into STOCK_PRODUCT  values('201','00002','2000')
insert into STOCK_PRODUCT  values('201','00003','2000')
insert into STOCK_PRODUCT  values('201','00004','3000')
insert into STOCK_PRODUCT  values('201','00005','2000')
insert into STOCK_PRODUCT  values('202','00003','2900')
insert into STOCK_PRODUCT  values('202','00004','3200')
insert into STOCK_PRODUCT  values('202','00005','3500')
insert into STOCK_PRODUCT  values('203','00001','3800')
insert into STOCK_PRODUCT  values('203','00002','4100')
insert into STOCK_PRODUCT  values('203','00003','4400')
insert into STOCK_PRODUCT  values('203','00005','100')